Unnamed: 0,player_id,player_name,player_display_name,position_group,headshot_url,recent_team,season,week,season_type,opponent_team,completions,attempts,passing_yards,passing_tds,interceptions,sacks,sack_yards,sack_fumbles,sack_fumbles_lost,passing_air_yards,passing_yards_after_catch,passing_first_downs,passing_epa,passing_2pt_conversions,pacr,dakota,carries,rushing_yards,rushing_tds,rushing_fumbles,rushing_fumbles_lost,rushing_first_downs,rushing_epa,rushing_2pt_conversions,receptions,targets,receiving_yards,receiving_tds,receiving_fumbles,receiving_fumbles_lost,receiving_air_yards,receiving_yards_after_catch,receiving_first_downs,receiving_epa,receiving_2pt_conversions,racr,target_share,air_yards_share,wopr,special_teams_tds,fantasy_points,actual,opponent,last_year_ppr_points,rolling_ppr,depth_position,def_points_against,total,moneyline,team,team_doubtful,team_out,team_questionable,injured,fp_proj,position_QB,position_RB,position_TE,position_WR,prediction,error,change_in_prediction,position,rank
275,00-0033040,T.Hill,Tyreek Hill,WR,"https://static.www.nfl.com/image/private/f_auto,q_auto/league/lsszbdnkusxc7mduw5be",MIA,2023.0,6.0,REG,NYG,0.0,0.0,0.0,0.0,0.0,0.0,0.0,0.0,0.0,0.0,0.0,0.0,0.0,0.0,0.0,0.0,0.3333333333333333,4.666666666666667,0.0,0.0,0.0,0.3333333333333333,1.4810692071914673,0.0,6.666666666666667,8.333333333333334,132.0,0.6666666666666666,0.0,0.0,81.66666666666667,70.33333333333333,5.0,9.580649773279823,0.0,1.709567387898763,0.2871148437261581,0.4985079665978749,0.8463705,0.0,0.0,0.0,NYG,341.2,24.33333301544189,3.0,42.333333333333336,47.5,-1100.0,MIA,2.0,1.0,3.0,0.0,22.1,0,0,0,1,25.10819999999999,25.10819999999999,,WR,1
461,00-0033908,C.Kupp,Cooper Kupp,WR,"https://static.www.nfl.com/image/private/f_auto,q_auto/league/bkahtsjkvnom1sbnb6xm",LA,2023.0,6.0,REG,PHI,0.0,0.0,0.0,0.0,0.0,0.0,0.0,0.0,0.0,0.0,0.0,0.0,0.0,0.0,0.0,0.0,0.0,0.0,0.0,0.0,0.0,0.0,0.0,0.0,8.0,12.0,118.0,0.0,0.0,0.0,137.0,52.0,6.0,6.656983852386475,0.0,0.8613138794898987,0.3529411852359772,0.4077380895614624,0.81482846,0.0,0.0,0.0,PHI,201.4,19.799999237060547,5.0,47.16666666666666,48.0,-340.0,LA,0.0,0.0,3.0,0.0,20.2,0,0,0,1,23.680999999999997,23.680999999999997,,WR,2
1188,00-0036900,J.Chase,Ja'Marr Chase,WR,"https://static.www.nfl.com/image/private/f_auto,q_auto/league/xqhrnv1bfpl2zmhpqobq",CIN,2023.0,6.0,REG,ARI,0.0,0.0,0.0,0.0,0.0,0.0,0.0,0.0,0.0,0.0,0.0,0.0,0.0,0.0,0.0,0.0,0.0,0.0,0.0,0.0,0.0,0.0,0.0,0.0,11.333333333333334,14.333333333333334,135.33333333333334,1.0,0.0,0.0,109.0,63.333333333333336,8.333333333333334,10.332527955373129,0.0,1.5315165321032207,0.363746166229248,0.4021867563327153,1.0094723,0.0,0.0,0.0,ARI,242.4,30.86666711171468,3.0,45.833333333333336,45.5,-155.0,CIN,0.0,1.0,4.0,0.0,20.7,0,0,0,1,22.937,22.937,,WR,3
1791,00-0039075,P.Nacua,Puka Nacua,WR,"https://static.www.nfl.com/image/private/f_auto,q_auto/league/br1ovzclyrebrec6q0mp",LA,2023.0,6.0,REG,PHI,0.0,0.0,0.0,0.0,0.0,0.0,0.0,0.0,0.0,0.0,0.0,0.0,0.0,0.0,0.0,0.0,0.0,0.0,0.0,0.0,0.0,0.0,0.0,0.0,7.0,9.333333333333334,102.0,0.6666666666666666,0.3333333333333333,0.0,110.0,23.666666666666668,5.666666666666667,5.4591911633809405,0.0,0.9280993342399596,0.266229897737503,0.3441481441259384,0.7477941,0.0,0.0,0.0,PHI,0.0,21.199999809265137,3.0,47.16666666666666,48.0,-340.0,LA,0.0,0.0,3.0,0.0,16.9,0,0,0,1,22.43660000000001,22.43660000000001,,WR,4
94,00-0030564,D.Hopkins,DeAndre Hopkins,WR,"https://static.www.nfl.com/image/private/f_auto,q_auto/league/kikfprn4t5ap1lju4a4k",TEN,2023.0,6.0,REG,IND,0.0,0.0,0.0,0.0,0.0,0.0,0.0,0.0,0.0,0.0,0.0,0.0,0.0,0.0,0.0,0.0,0.0,0.0,0.0,0.0,0.0,0.0,0.0,0.0,5.0,8.0,83.66666666666667,0.0,0.0,0.0,128.0,15.666666666666666,4.333333333333333,5.3146482308705645,0.0,0.619533767302831,0.2819884369770686,0.463685264190038,0.9305147,0.0,0.0,0.0,IND,151.7,13.366666793823242,1.0,30.0,42.5,205.0,TEN,0.0,3.0,2.0,0.0,14.8,0,0,0,1,21.7434,21.7434,,WR,5
55,00-0030035,A.Thielen,Adam Thielen,WR,"https://static.www.nfl.com/image/private/f_auto,q_auto/league/kmldtl8p9h7h5dzvkwsw",CAR,2023.0,6.0,REG,DET,0.0,0.0,0.0,0.0,0.0,0.0,0.0,0.0,0.0,0.0,0.0,0.0,0.0,0.0,0.0,0.0,0.3333333333333333,2.0,0.0,0.0,0.0,0.0,0.2364210188388824,0.0,9.666666666666666,11.666666666666666,109.33333333333331,0.6666666666666666,0.0,0.0,91.0,42.0,6.666666666666667,9.36009407043457,0.0,1.2819770177205403,0.2917023748159408,0.3802917003631592,0.8059032,0.0,0.0,0.0,DET,180.0,24.800000190734863,1.0,36.1,47.5,700.0,CAR,0.0,6.0,4.0,0.0,15.1,0,0,0,1,21.692999999999994,21.692999999999994,,WR,6
1275,00-0036988,J.Palmer,Josh Palmer,WR,"https://static.www.nfl.com/image/private/f_auto,q_auto/league/bbvzvwnb52cghz4fqyut",LAC,2023.0,6.0,REG,LV,0.0,0.0,0.0,0.0,0.0,0.0,0.0,0.0,0.0,0.0,0.0,0.0,0.0,0.0,0.0,0.0,0.0,0.0,0.0,0.0,0.0,0.0,0.0,0.0,3.333333333333333,6.666666666666667,52.0,0.3333333333333333,0.3333333333333333,0.3333333333333333,100.33333333333331,13.0,1.3333333333333333,-2.8974066575368247,0.0,0.4741632839043935,0.2024572690327962,0.3133971219261487,0.8608996,0.0,0.0,0.0,LV,169.3,9.866666793823242,3.0,28.066666666666663,51.0,105.0,LAC,2.0,0.0,3.0,0.0,0.0,0,0,0,1,21.669999999999987,21.669999999999987,,WR,7
967,00-0036261,B.Aiyuk,Brandon Aiyuk,WR,"https://static.www.nfl.com/image/private/f_auto,q_auto/league/mprcyhqhfgzi57ebelbz",SF,2023.0,6.0,REG,DAL,0.0,0.0,0.0,0.0,0.0,0.0,0.0,0.0,0.0,0.0,0.0,0.0,0.0,0.0,0.0,0.0,0.0,0.0,0.0,0.0,0.0,0.0,0.0,0.0,4.333333333333333,6.333333333333333,83.0,0.0,0.0,0.0,104.66666666666669,12.0,4.0,4.92022442817688,0.0,0.7452810804049174,0.2719047665596008,0.5218660533428192,0.7650237,0.0,0.0,0.0,DAL,227.80000000000004,12.633333206176758,2.0,29.666666666666668,36.0,-470.0,SF,0.0,0.0,2.0,0.0,13.3,0,0,0,1,20.90499999999999,20.90499999999999,,WR,8
1129,00-0036613,J.Waddle,Jaylen Waddle,WR,"https://static.www.nfl.com/image/private/f_auto,q_auto/league/qjsz2h6shbdnksctzeka",MIA,2023.0,6.0,REG,NYG,0.0,0.0,0.0,0.0,0.0,0.0,0.0,0.0,0.0,0.0,0.0,0.0,0.0,0.0,0.0,0.0,0.3333333333333333,-0.6666666666666666,0.0,0.0,0.0,0.0,-0.8675527572631836,0.0,4.333333333333333,7.0,55.66666666666666,0.3333333333333333,0.0,0.0,44.333333333333336,31.666666666666668,3.333333333333333,-3.0815659364064536,0.0,1.2856033245722454,0.2370327512423197,0.2263756692409515,0.71213704,0.0,0.0,0.0,NYG,259.2,11.833333333333334,1.0,42.333333333333336,47.5,-1100.0,MIA,2.0,1.0,3.0,0.0,14.5,0,0,0,1,20.87500000000001,20.87500000000001,,WR,9
466,00-0033921,C.Godwin,Chris Godwin,WR,"https://static.www.nfl.com/image/private/f_auto,q_auto/league/rfdampf12giyojipbcxl",TB,2023.0,6.0,REG,NO,0.0,0.3333333333333333,0.0,0.0,0.0,0.0,0.0,0.0,0.0,6.0,0.0,0.0,-0.7111730575561523,0.0,0.0,0.0,0.0,0.0,0.0,0.0,0.0,0.0,0.0,0.0,5.333333333333333,8.0,68.0,0.0,0.0,0.0,74.33333333333333,31.33333333333333,3.333333333333333,1.691678623358409,0.3333333333333333,0.8681974212328593,0.2722222258647283,0.3361601829528808,0.8981081,0.0,0.0,0.0,NO,222.80000000000004,12.799999872843424,2.0,35.766666666666666,43.5,136.0,TB,1.0,0.0,1.0,0.0,13.8,0,0,0,1,20.826,20.826,,WR,10
694,00-0034960,J.Meyers,Jakobi Meyers,WR,"https://static.www.nfl.com/image/private/f_auto,q_auto/league/lhfd2xsufgep72sfkacg",LV,2023.0,6.0,REG,GB,0.0,0.0,0.0,0.0,0.0,0.0,0.0,0.0,0.0,0.0,0.0,0.0,0.0,0.0,0.0,0.0,0.3333333333333333,0.0,0.0,0.0,0.0,0.0,-0.9017620086669922,0.0,5.333333333333333,8.666666666666666,64.33333333333333,0.3333333333333333,0.0,0.0,95.33333333333331,14.0,3.0,-2.899912317593893,0.0,0.7307218114535013,0.2409393439690272,0.3685736606518427,0.9437314,0.0,0.0,0.0,GB,184.30000000000004,13.766666730244957,4.0,33.1,41.5,-148.0,LV,0.0,2.0,1.0,0.0,14.0,0,0,0,1,20.719,20.719,,WR,11
1769,00-0039064,Z.Flowers,Zay Flowers,WR,"https://static.www.nfl.com/image/private/f_auto,q_auto/league/zvstl5cycvmbbqczemau",BAL,2023.0,6.0,REG,PIT,0.0,0.0,0.0,0.0,0.0,0.0,0.0,0.0,0.0,0.0,0.0,0.0,0.0,0.0,0.0,0.0,0.6666666666666666,-1.3333333333333333,0.0,0.0,0.0,0.0,-0.8165997862815857,0.0,5.333333333333333,8.333333333333334,59.0,0.0,0.0,0.0,87.0,14.333333333333334,2.0,0.5512394507726034,0.0,0.9052878220876058,0.2816764165957768,0.3567724724610646,0.71288353,0.0,0.0,0.0,PIT,0.0,11.100000063578287,4.0,46.76666666666667,42.5,-250.0,BAL,0.0,1.0,1.0,0.0,13.9,0,0,0,1,19.826000000000004,19.826000000000004,,WR,12
845,00-0035676,A.Brown,A.J. Brown,WR,"https://static.www.nfl.com/image/private/f_auto,q_auto/league/a014sgzctarbvhwb35lw",PHI,2023.0,6.0,REG,LA,0.0,0.0,0.0,0.0,0.0,0.0,0.0,0.0,0.0,0.0,0.0,0.0,0.0,0.0,0.0,0.0,0.0,0.0,0.0,0.0,0.0,0.0,0.0,0.0,8.0,11.666666666666666,144.33333333333334,0.6666666666666666,0.0,0.0,156.0,55.333333333333336,6.666666666666667,7.471267223358154,0.0,0.9496190150578816,0.339215690890948,0.4947012662887573,0.7108957,0.0,0.0,0.0,LA,299.6,26.43333371480306,1.0,26.566666666666663,43.0,-305.0,PHI,0.0,4.0,2.0,0.0,16.8,0,0,0,1,19.625000000000004,19.625000000000004,,WR,13
179,00-0031588,S.Diggs,Stefon Diggs,WR,"https://static.www.nfl.com/image/private/f_auto,q_auto/league/zf6nbnzcfzu4y7yq2nzk",BUF,2023.0,6.0,REG,JAX,0.0,0.0,0.0,0.0,0.0,0.0,0.0,0.0,0.0,0.0,0.0,0.0,0.0,0.0,0.0,0.0,0.0,0.0,0.0,0.0,0.0,0.0,0.0,0.0,7.333333333333333,10.0,117.33333333333331,1.3333333333333333,0.3333333333333333,0.3333333333333333,128.0,25.0,5.0,7.411158084869385,0.0,1.02489040295283,0.3201851844787597,0.4050554037094116,0.756694,0.0,0.0,0.0,JAX,316.6,26.400000254313152,1.0,38.0,43.5,-1200.0,BUF,0.0,0.0,3.0,0.0,18.9,0,0,0,1,19.449,19.449,,WR,14
1055,00-0036407,J.Jeudy,Jerry Jeudy,WR,"https://static.www.nfl.com/image/private/f_auto,q_auto/league/f0jdlnl6wy63qx4oeyzi",DEN,2023.0,6.0,REG,NYJ,0.0,0.0,0.0,0.0,0.0,0.0,0.0,0.0,0.0,0.0,0.0,0.0,0.0,0.0,0.0,0.0,0.0,0.0,0.0,0.0,0.0,0.0,0.0,0.0,4.666666666666667,6.333333333333333,61.0,0.0,0.3333333333333333,0.0,91.66666666666669,15.0,3.0,3.050875425338745,0.0,0.6746914188067118,0.215337132414182,0.4453967312971751,0.73358583,0.0,0.0,0.0,NYJ,204.2,10.766666730244957,2.0,15.666666666666666,47.5,470.0,DEN,0.0,3.0,1.0,0.0,12.6,0,0,0,1,19.296999999999997,19.296999999999997,,WR,15
648,00-0034827,D.Moore,D.J. Moore,WR,"https://static.www.nfl.com/image/private/f_auto,q_auto/league/fuhd1intilojmnbx7wjq",CHI,2023.0,6.0,REG,WAS,0.0,0.0,0.0,0.0,0.0,0.0,0.0,0.0,0.0,0.0,0.0,0.0,0.0,0.0,0.0,0.0,0.0,0.0,0.0,0.0,0.0,0.0,0.0,0.0,6.333333333333333,8.333333333333334,134.0,1.6666666666666667,0.0,0.0,123.33333333333331,58.0,5.0,11.536034027735392,0.0,1.129538247982661,0.3270833392937978,0.4621376196543376,0.9169291,0.0,0.0,0.0,WAS,199.1,29.733333587646484,1.0,47.46666666666667,44.5,140.0,CHI,0.0,5.0,2.0,0.0,0.0,0,0,0,1,19.101600000000005,19.101600000000005,,WR,16
666,00-0034837,C.Ridley,Calvin Ridley,WR,"https://static.www.nfl.com/image/private/f_auto,q_auto/league/jnknuowszoqaywqoopy7",JAX,2023.0,6.0,REG,BUF,0.0,0.0,0.0,0.0,0.0,0.0,0.0,0.0,0.0,0.0,0.0,0.0,0.0,0.0,0.0,0.0,0.6666666666666666,4.666666666666667,0.0,0.0,0.0,0.3333333333333333,0.3921436369419098,0.0,4.0,5.666666666666667,66.66666666666667,0.3333333333333333,0.0,0.0,89.66666666666667,5.333333333333333,3.333333333333333,5.167827934026718,0.0,0.7937561174233755,0.1526276295383771,0.3394547651211421,0.61956245,0.0,0.0,0.0,BUF,0.0,13.133333524068195,5.0,35.6,44.0,-205.0,JAX,0.0,4.0,1.0,0.0,15.0,0,0,0,1,17.256000000000007,17.256000000000007,,WR,17
263,00-0032765,M.Thomas,Michael Thomas,WR,"https://static.www.nfl.com/image/private/f_auto,q_auto/league/xtubqabso3s9fz5fouuj",NO,2023.0,6.0,REG,NE,0.0,0.0,0.0,0.0,0.0,0.0,0.0,0.0,0.0,0.0,0.0,0.0,0.0,0.0,0.0,0.0,0.0,0.0,0.0,0.0,0.0,0.0,0.0,0.0,4.666666666666667,7.333333333333333,56.0,0.0,0.0,0.0,86.0,12.666666666666666,3.0,2.858652929464976,0.0,0.713303824265798,0.2342002093791961,0.3224184811115265,0.7875,0.0,0.0,0.0,NE,51.1,10.266666730244957,1.0,30.8,42.5,-130.0,NO,0.0,5.0,1.0,0.0,11.9,0,0,0,1,15.8412,15.8412,,WR,18
1442,00-0037740,G.Wilson,Garrett Wilson,WR,"https://static.www.nfl.com/image/private/f_auto,q_auto/league/llgosx4tokddwnyrgvbx",NYJ,2023.0,6.0,REG,DEN,0.0,0.0,0.0,0.0,0.0,0.0,0.0,0.0,0.0,0.0,0.0,0.0,0.0,0.0,0.0,0.0,0.0,0.0,0.0,0.0,0.0,0.0,0.0,0.0,5.666666666666667,10.0,54.0,0.0,0.0,0.0,93.0,15.0,2.333333333333333,-1.5546639605114858,0.0,0.6573565403620402,0.3165445725123088,0.4400302171707153,0.8176583,0.0,0.0,0.0,DEN,216.0,11.06666660308838,2.0,31.066666666666663,43.0,245.0,NYJ,0.0,3.0,4.0,0.0,13.5,0,0,0,1,15.464000000000004,15.464000000000004,,WR,19
1730,00-0038994,J.Addison,Jordan Addison,WR,"https://static.www.nfl.com/image/private/f_auto,q_auto/league/zhyhkz6wzwhioemhqgbk",MIN,2023.0,6.0,REG,KC,0.0,0.0,0.0,0.0,0.0,0.0,0.0,0.0,0.0,0.0,0.0,0.0,0.0,0.0,0.0,0.0,0.0,0.0,0.0,0.0,0.0,0.0,0.0,0.0,4.0,6.0,38.66666666666666,0.3333333333333333,0.0,0.0,62.0,11.333333333333334,2.333333333333333,1.8361263275146484,0.0,0.4393624464670817,0.1392914665242036,0.1798624396324157,0.4985487,0.0,0.0,0.0,KC,0.0,9.866666475931805,4.0,32.03333333333333,44.5,-166.0,MIN,0.0,0.0,1.0,0.0,13.9,0,0,0,1,14.653399999999994,14.653399999999994,,WR,20
1238,00-0036963,A.St. Brown,Amon-Ra St. Brown,WR,"https://static.www.nfl.com/image/private/f_auto,q_auto/league/ubbam2rpn7xfbhvzvjyn",DET,2023.0,6.0,REG,GB,0.0,0.0,0.0,0.0,0.0,0.0,0.0,0.0,0.0,0.0,0.0,0.0,0.0,0.0,0.0,0.0,0.3333333333333333,1.3333333333333333,0.0,0.0,0.0,0.0,-1.186781406402588,0.0,6.666666666666667,8.666666666666666,86.66666666666667,0.3333333333333333,0.3333333333333333,0.3333333333333333,82.33333333333333,25.33333333333333,4.0,2.926424781481425,0.0,1.0424708525339763,0.2840794573227564,0.3362897038459778,0.6340866,0.0,0.0,0.0,GB,267.6,16.800000190734863,3.0,33.1,43.5,-162.0,DET,0.0,7.0,2.0,0.0,16.7,0,0,0,1,14.482999999999995,14.482999999999995,,WR,21
1319,00-0037238,D.London,Drake London,WR,"https://static.www.nfl.com/image/private/f_auto,q_auto/league/rrwzcsvsfqq9xptp8o48",ATL,2023.0,6.0,REG,HOU,0.3333333333333333,0.3333333333333333,7.333333333333333,0.0,0.0,0.0,0.0,0.0,0.0,4.0,3.333333333333333,0.3333333333333333,1.8440146446228027,0.0,1.8333333730697632,0.0,0.0,0.0,0.0,0.0,0.0,0.0,0.0,0.0,3.6666666666666665,7.333333333333333,45.66666666666666,0.3333333333333333,0.0,0.0,82.33333333333333,7.333333333333333,2.6666666666666665,-3.33223827679952,0.0,0.5512820581595103,0.2093567252159118,0.2864943444728851,0.5849162,0.0,0.0,0.0,HOU,178.6,10.52666680018107,2.0,23.426666666666662,42.0,-125.0,0,0.0,0.0,0.0,0.0,10.5,0,0,0,1,14.386399999999997,14.386399999999997,,WR,22
478,00-0033943,J.Reynolds,Josh Reynolds,WR,"https://static.www.nfl.com/image/private/f_auto,q_auto/league/sxrgouqg155xtgtzesy9",DET,2023.0,6.0,REG,CAR,0.0,0.0,0.0,0.0,0.0,0.0,0.0,0.0,0.0,0.0,0.0,0.0,0.0,0.0,0.0,0.0,0.0,0.0,0.0,0.0,0.0,0.0,0.0,0.0,4.0,5.666666666666667,70.33333333333333,1.0,0.0,0.0,76.0,17.666666666666668,4.0,4.303231080373128,0.0,0.9446138143539428,0.1946259985367457,0.3798663715521495,0.5476573,0.0,0.0,0.0,CAR,103.90000000000002,17.03333346048991,2.0,31.9,43.5,-162.0,DET,0.0,7.0,2.0,0.0,8.3,0,0,0,1,14.027200000000008,14.027200000000008,,WR,23
623,00-0034775,C.Kirk,Christian Kirk,WR,"https://static.www.nfl.com/image/private/f_auto,q_auto/league/ersmmtjmjlpsy9lmjvde",JAX,2023.0,6.0,REG,BUF,0.0,0.0,0.0,0.0,0.0,0.0,0.0,0.0,0.0,0.0,0.0,0.0,0.0,0.0,0.0,0.0,0.3333333333333333,2.0,0.0,0.0,0.0,0.0,-0.5953392386436462,0.0,6.0,8.666666666666666,72.0,0.3333333333333333,0.0,0.0,74.0,18.33333333333333,3.0,3.496784110864004,0.0,1.0243623852729795,0.2554054111242294,0.3180036892493565,0.4552767,0.0,0.0,0.0,BUF,243.9,15.399999618530272,2.0,35.6,44.0,-205.0,JAX,0.0,4.0,1.0,0.0,15.4,0,0,0,1,13.752999999999997,13.752999999999997,,WR,24
957,00-0036252,M.Pittman,Michael Pittman,WR,"https://static.www.nfl.com/image/private/f_auto,q_auto/league/wnymcombo2plamteihiy",IND,2023.0,6.0,REG,TEN,0.0,0.0,0.0,0.0,0.0,0.0,0.0,0.0,0.0,0.0,0.0,0.0,0.0,0.0,0.0,0.0,0.0,0.0,0.0,0.0,0.0,0.0,0.0,0.0,5.0,7.666666666666667,48.0,0.0,0.0,0.0,69.66666666666667,20.0,2.0,0.7077833314736685,0.3333333333333333,0.7561522275209427,0.2539682537317276,0.2779876043399175,0.7167135,0.0,0.0,0.0,TEN,216.5,10.46666685740153,1.0,33.4,44.0,170.0,IND,0.0,1.0,2.0,0.0,0.0,0,0,0,1,13.675999999999991,13.675999999999991,,WR,25
1031,00-0036358,C.Lamb,CeeDee Lamb,WR,"https://static.www.nfl.com/image/private/f_auto,q_auto/league/cqygs9e4ynnjdxstdfjq",DAL,2023.0,6.0,REG,SF,0.0,0.0,0.0,0.0,0.0,0.0,0.0,0.0,0.0,0.0,0.0,0.0,0.0,0.0,0.0,0.0,1.0,7.0,0.0,0.0,0.0,0.3333333333333333,0.3528760708868503,0.0,4.0,6.0,46.0,0.3333333333333333,0.0,0.0,50.333333333333336,14.0,1.6666666666666667,0.513868510723114,0.0,0.9249287645022074,0.1827211876710256,0.2201862384875615,0.39174023,0.0,0.0,0.0,SF,301.6,11.299999872843424,3.0,30.73333333333333,51.0,-125.0,DAL,1.0,2.0,1.0,0.0,16.0,0,0,0,1,13.445199999999998,13.445199999999998,,WR,26
1736,00-0038997,J.Downs,Josh Downs,WR,"https://static.www.nfl.com/image/private/f_auto,q_auto/league/wdrwbumtvwv8s9te8wof",IND,2023.0,6.0,REG,TEN,0.0,0.0,0.0,0.0,0.0,0.0,0.0,0.0,0.0,0.0,0.0,0.0,0.0,0.0,0.0,0.0,0.0,0.0,0.0,0.0,0.0,0.0,0.0,0.0,5.333333333333333,7.0,62.66666666666666,0.0,0.0,0.0,59.66666666666666,25.666666666666668,2.333333333333333,2.3825138409932456,0.0,1.0764907797177632,0.2202380994955698,0.2302435437838236,0.58735955,0.0,0.0,0.0,TEN,0.0,11.599999904632568,3.0,33.4,44.0,170.0,IND,0.0,1.0,2.0,0.0,10.7,0,0,0,1,13.153000000000004,13.153000000000004,,WR,27
1325,00-0037239,C.Olave,Chris Olave,WR,"https://static.www.nfl.com/image/private/f_auto,q_auto/league/vtfhbyz1ofg6cgxxulw4",NO,2023.0,6.0,REG,NE,0.0,0.0,0.0,0.0,0.0,0.0,0.0,0.0,0.0,0.0,0.0,0.0,0.0,0.0,0.0,0.0,0.0,0.0,0.0,0.0,0.0,0.0,0.0,0.0,3.6666666666666665,7.333333333333333,40.0,0.3333333333333333,0.0,0.0,113.66666666666669,13.333333333333334,2.333333333333333,-0.1562663316726684,0.0,0.3760970930258433,0.2271413852771123,0.4057508707046509,0.55375,0.0,0.0,0.0,NE,198.2,9.666666467984518,2.0,30.8,42.5,-130.0,NO,0.0,5.0,1.0,0.0,13.7,0,0,0,1,13.109000000000002,13.109000000000002,,WR,28
71,00-0030279,K.Allen,Keenan Allen,WR,"https://static.www.nfl.com/image/private/f_auto,q_auto/league/xs7h2igf85nta81v7zb8",LAC,2023.0,6.0,REG,LV,0.3333333333333333,0.3333333333333333,16.333333333333332,0.3333333333333333,0.0,0.0,0.0,0.0,0.0,7.333333333333333,9.0,0.3333333333333333,3.968392372131348,0.0,2.227272748947144,0.0,0.0,0.0,0.0,0.0,0.0,0.0,0.0,0.0,9.666666666666666,11.666666666666666,119.33333333333331,1.0,0.3333333333333333,0.0,98.66666666666669,44.66666666666666,5.666666666666667,9.351971944173178,0.0,1.0878539582093556,0.2938034186760584,0.2840322206417719,0.46993944,0.0,0.0,0.0,LV,164.0,29.58666642506917,1.0,28.066666666666663,51.0,105.0,LAC,2.0,0.0,3.0,0.0,17.9,0,0,0,1,12.906999999999998,12.906999999999998,,WR,29
159,00-0031544,A.Cooper,Amari Cooper,WR,"https://static.www.nfl.com/image/private/f_auto,q_auto/league/zibbxjtein7gpu5zgcj4",CLE,2023.0,6.0,REG,BAL,0.0,0.0,0.0,0.0,0.0,0.0,0.0,0.0,0.0,0.0,0.0,0.0,0.0,0.0,0.0,0.0,0.0,0.0,0.0,0.0,0.0,0.0,0.0,0.0,5.0,8.0,74.0,0.3333333333333333,0.0,0.0,136.0,5.666666666666667,3.6666666666666665,2.980218410491944,0.0,0.5292496482531229,0.2281783670186996,0.4624317487080892,0.5610392,0.0,0.0,0.0,BAL,246.0,14.400000095367432,2.0,26.76666666666667,36.0,360.0,CLE,0.0,3.0,2.0,0.0,12.0,0,0,0,1,12.557000000000002,12.557000000000002,,WR,30
372,00-0033536,M.Williams,Mike Williams,WR,"https://static.www.nfl.com/image/private/f_auto,q_auto/league/oaa76gdfwdhaum4b5qkh",LAC,2023.0,6.0,REG,MIN,0.0,0.0,0.0,0.0,0.0,0.0,0.0,0.0,0.0,0.0,0.0,0.0,0.0,0.0,0.0,0.0,0.3333333333333333,1.0,0.0,0.0,0.0,0.0,-0.2905690968036651,0.0,6.333333333333333,8.666666666666666,83.0,0.3333333333333333,0.0,0.0,102.33333333333331,36.0,3.0,4.2842382589976,0.0,0.9141864975293478,0.22043011089166,0.2951375544071197,0.46554253,0.0,0.0,0.0,MIN,176.5,16.733333587646484,2.0,55.22,51.0,105.0,LAC,2.0,0.0,3.0,0.0,0.0,0,0,0,1,12.447599999999998,12.447599999999998,,WR,31
1233,00-0036955,T.Marshall,Terrace Marshall,WR,"https://static.www.nfl.com/image/private/f_auto,q_auto/league/wyzlucfowqdntj6nkh7m",CAR,2023.0,6.0,REG,MIN,0.0,0.0,0.0,0.0,0.0,0.0,0.0,0.0,0.0,0.0,0.0,0.0,0.0,0.0,0.0,0.0,0.0,0.0,0.0,0.0,0.0,0.0,0.0,0.0,5.333333333333333,8.0,38.0,0.0,0.3333333333333333,0.0,58.0,16.0,2.333333333333333,-0.778669019540151,0.0,1.2576023191213608,0.2188266317049662,0.2450487713019053,0.61687094,0.0,0.0,0.0,MIN,83.0,9.133333524068195,5.0,55.22,47.5,700.0,CAR,0.0,6.0,4.0,0.0,0.0,0,0,0,1,12.339999999999996,12.339999999999996,,WR,32
617,00-0034764,M.Gallup,Michael Gallup,WR,"https://static.www.nfl.com/image/private/f_auto,q_auto/league/tt9xpcg4x2z3osc1fcq6",DAL,2023.0,6.0,REG,SF,0.0,0.0,0.0,0.0,0.0,0.0,0.0,0.0,0.0,0.0,0.0,0.0,0.0,0.0,0.0,0.0,0.0,0.0,0.0,0.0,0.0,0.0,0.0,0.0,4.333333333333333,6.0,55.66666666666666,0.0,0.0,0.0,62.0,27.33333333333333,2.0,1.1103556156158447,0.0,1.2294838577508926,0.1827211876710256,0.2610429003834724,0.49042875,0.0,0.0,0.0,SF,105.40000000000002,9.899999936421713,2.0,30.73333333333333,51.0,-125.0,DAL,1.0,2.0,1.0,0.0,9.0,0,0,0,1,12.3116,12.3116,,WR,33
923,00-0036196,G.Davis,Gabe Davis,WR,"https://static.www.nfl.com/image/private/f_auto,q_auto/league/q5ofnb6w7gokbggfmbxp",BUF,2023.0,6.0,REG,JAX,0.0,0.0,0.0,0.0,0.0,0.0,0.0,0.0,0.0,0.0,0.0,0.0,0.0,0.0,0.0,0.0,0.3333333333333333,-0.6666666666666666,0.0,0.0,0.0,0.0,-0.880379319190979,0.0,3.333333333333333,5.0,65.33333333333333,1.0,0.0,0.0,87.66666666666667,5.666666666666667,2.333333333333333,4.975360989570618,0.0,0.8079925874869028,0.1557407403985659,0.2801363666852315,0.5153006,0.0,0.0,0.0,JAX,171.6,15.800000190734863,3.0,38.0,43.5,-1200.0,BUF,0.0,0.0,3.0,0.0,11.8,0,0,0,1,11.9756,11.9756,,WR,34
817,00-0035640,D.Metcalf,DK Metcalf,WR,"https://static.www.nfl.com/image/private/f_auto,q_auto/league/u4cefcz7gjvby8c2kdkm",SEA,2023.0,6.0,REG,NYG,0.0,0.0,0.0,0.0,0.0,0.0,0.0,0.0,0.0,0.0,0.0,0.0,0.0,0.0,0.0,0.0,0.0,0.0,0.0,0.0,0.0,0.0,0.0,0.0,5.0,6.0,73.66666666666667,0.3333333333333333,0.0,0.0,75.0,14.0,4.0,5.403148333231608,0.0,0.974629521369934,0.1815265814463297,0.3330197334289551,0.4440505,0.0,0.0,0.0,NYG,226.80000000000004,14.366666793823242,3.0,42.333333333333336,45.5,130.0,SEA,1.0,2.0,2.0,0.0,14.6,0,0,0,1,11.5678,11.5678,,WR,35
1582,00-0038543,J.Smith-Njigba,Jaxon Smith-Njigba,WR,"https://static.www.nfl.com/image/private/f_auto,q_auto/league/r65p3l8nq7v4l9htqsud",SEA,2023.0,6.0,REG,NYG,0.0,0.0,0.0,0.0,0.0,0.0,0.0,0.0,0.0,0.0,0.0,0.0,0.0,0.0,0.0,0.0,0.0,0.0,0.0,0.0,0.0,0.0,0.0,0.0,3.0,5.0,16.333333333333332,0.0,0.0,0.0,18.0,17.0,0.3333333333333333,-2.5090363224347434,0.0,1.0760683765014012,0.1595485582947731,0.1044312876959641,0.48834133,0.0,0.0,0.0,NYG,0.0,4.633333206176758,4.0,42.333333333333336,45.5,130.0,SEA,1.0,2.0,2.0,0.0,8.7,0,0,0,1,11.561999999999998,11.561999999999998,,WR,36
784,00-0035341,T.Irwin,Trenton Irwin,WR,"https://static.www.nfl.com/image/private/f_auto,q_auto/league/nx9e98gqxm1ov8z9rsn2",CIN,2023.0,6.0,REG,ARI,0.0,0.0,0.0,0.0,0.0,0.0,0.0,0.0,0.0,0.0,0.0,0.0,0.0,0.0,0.0,0.0,0.0,0.0,0.0,0.0,0.0,0.0,0.0,0.0,4.5,5.5,38.5,0.0,0.5,0.0,54.5,14.5,2.5,0.9221870377659798,0.0,1.5084033906459808,0.1321548856794834,0.198918716982007,0.5805064,0.0,0.0,0.0,ARI,63.2,8.350000023841858,4.0,45.833333333333336,45.5,-155.0,CIN,0.0,1.0,4.0,0.0,3.0,0,0,0,1,11.379799999999996,11.379799999999996,,WR,37
1157,00-0036849,T.Atwell,Tutu Atwell,WR,"https://static.www.nfl.com/image/private/f_auto,q_auto/league/h0kk3mtoa4xwdw21lty9",LA,2023.0,6.0,REG,PHI,0.0,0.0,0.0,0.0,0.0,0.0,0.0,0.0,0.0,0.0,0.0,0.0,0.0,0.0,0.0,0.0,0.3333333333333333,7.333333333333333,0.0,0.0,0.0,0.3333333333333333,1.8838815689086916,0.0,3.6666666666666665,7.666666666666667,27.666666666666668,0.6666666666666666,0.0,0.0,74.66666666666667,8.0,1.6666666666666667,-1.548308293024699,0.0,0.3583901524543762,0.2196926871935526,0.2338146318991979,0.35392156,0.0,0.0,0.0,PHI,63.20000000000001,11.166666825612388,2.0,47.16666666666666,48.0,-340.0,LA,0.0,0.0,3.0,0.0,10.3,0,0,0,1,11.355999999999996,11.355999999999996,,WR,38
1020,00-0036345,K.Osborn,K.J. Osborn,WR,"https://static.www.nfl.com/image/private/f_auto,q_auto/league/rbgsvh08nmm29gaiw7pr",MIN,2023.0,6.0,REG,KC,0.0,0.0,0.0,0.0,0.0,0.0,0.0,0.0,0.0,0.0,0.0,0.0,0.0,0.0,0.0,0.0,0.0,0.0,0.0,0.0,0.0,0.0,0.0,0.0,2.333333333333333,4.666666666666667,33.666666666666664,0.3333333333333333,0.0,0.0,37.0,15.0,1.3333333333333333,-2.5907552242279053,0.0,0.8906322518984476,0.123087761302789,0.1280171672503153,0.3979853,0.0,0.0,0.0,KC,155.6,7.699999968210856,2.0,32.03333333333333,44.5,-166.0,MIN,0.0,0.0,1.0,0.0,11.5,0,0,0,1,11.172,11.172,,WR,39
1003,00-0036326,C.Claypool,Chase Claypool,WR,"https://static.www.nfl.com/image/private/f_auto,q_auto/league/qbpp7fn8tlzw1wzm9kfc",CHI,2023.0,6.0,REG,KC,0.0,0.0,0.0,0.0,0.0,0.0,0.0,0.0,0.0,0.0,0.0,0.0,0.0,0.0,0.0,0.0,0.0,0.0,0.0,0.0,0.0,0.0,0.0,0.0,1.3333333333333333,4.666666666666667,17.0,0.3333333333333333,0.0,0.0,53.0,2.0,1.0,-3.023561477661133,0.0,0.2436676869789759,0.1804232858121395,0.2247268098096052,0.512945,0.0,0.0,0.0,KC,105.04,5.033333460489909,3.0,32.03333333333333,44.5,140.0,CHI,0.0,5.0,2.0,0.0,0.0,0,0,0,1,11.129000000000003,11.129000000000003,,WR,40
227,00-0032211,T.Lockett,Tyler Lockett,WR,"https://static.www.nfl.com/image/private/f_auto,q_auto/league/f9wttnkcqc2scahf9oth",SEA,2023.0,6.0,REG,NYG,0.0,0.0,0.0,0.0,0.0,0.0,0.0,0.0,0.0,0.0,0.0,0.0,0.0,0.0,0.0,0.0,0.0,0.0,0.0,0.0,0.0,0.0,0.0,0.0,5.0,7.666666666666667,49.0,0.6666666666666666,0.0,0.0,70.66666666666667,14.0,2.6666666666666665,1.459514965613683,0.3333333333333333,0.7675306300322214,0.2336798310279846,0.3349428375562032,0.61412257,0.0,0.0,0.0,NYG,239.30000000000004,14.56666628519694,1.0,42.333333333333336,45.5,130.0,SEA,1.0,2.0,2.0,0.0,13.1,0,0,0,1,11.111399999999996,11.111399999999996,,WR,41
112,00-0031236,B.Cooks,Brandin Cooks,WR,"https://static.www.nfl.com/image/private/f_auto,q_auto/league/wy6qidqm8jjp6buvu3lp",DAL,2023.0,6.0,REG,SF,0.0,0.0,0.0,0.0,0.0,0.0,0.0,0.0,0.0,0.0,0.0,0.0,0.0,0.0,0.0,0.0,0.3333333333333333,2.0,0.0,0.0,0.0,0.0,0.4653998911380768,0.0,2.333333333333333,5.0,17.0,0.0,0.3333333333333333,0.0,64.33333333333333,3.6666666666666665,1.3333333333333333,-4.5603416959444685,0.0,0.6017842317620913,0.1513821557164192,0.2529442384839058,0.51076925,0.0,0.0,0.0,SF,145.6,4.233333269755046,1.0,30.73333333333333,51.0,-125.0,DAL,1.0,2.0,1.0,0.0,9.7,0,0,0,1,10.840599999999997,10.840599999999997,,WR,42
1200,00-0036912,D.Smith,DeVonta Smith,WR,"https://static.www.nfl.com/image/private/f_auto,q_auto/league/f8nowzare3wd2qw4jx7d",PHI,2023.0,6.0,REG,LA,0.0,0.0,0.0,0.0,0.0,0.0,0.0,0.0,0.0,0.0,0.0,0.0,0.0,0.0,0.0,0.0,0.0,0.0,0.0,0.0,0.0,0.0,0.0,0.0,4.0,6.333333333333333,37.333333333333336,0.0,0.0,0.0,66.0,9.333333333333334,1.3333333333333333,-1.7557000716527302,0.0,0.4656814485788345,0.1848739584287007,0.2027113536993662,0.31339127,0.0,0.0,0.0,LA,254.6,7.733333468437195,3.0,26.566666666666663,43.0,-305.0,PHI,0.0,4.0,2.0,0.0,13.6,0,0,0,1,10.542999999999996,10.542999999999996,,WR,43
343,00-0033307,K.Bourne,Kendrick Bourne,WR,"https://static.www.nfl.com/image/private/f_auto,q_auto/league/vrovcaqql9p6xsycko83",NE,2023.0,6.0,REG,NO,0.0,0.0,0.0,0.0,0.0,0.0,0.0,0.0,0.0,0.0,0.0,0.0,0.0,0.0,0.0,0.0,0.0,0.0,0.0,0.0,0.0,0.0,0.0,0.0,2.6666666666666665,4.333333333333333,41.66666666666666,0.0,0.0,0.0,63.66666666666666,16.333333333333332,2.0,-1.1165587306022644,0.0,0.910229911406835,0.1499745920300483,0.2108154967427253,0.48005864,0.0,0.0,0.0,NO,88.3,6.833333492279053,4.0,35.766666666666666,41.5,124.0,NE,0.0,7.0,10.0,0.0,10.4,0,0,0,1,10.4364,10.4364,,WR,44
876,00-0035719,D.Samuel,Deebo Samuel,WR,"https://static.www.nfl.com/image/private/f_auto,q_auto/league/ciwaktyqewczcquks4wy",SF,2023.0,6.0,REG,DAL,0.0,0.0,0.0,0.0,0.0,0.0,0.0,0.0,0.0,0.0,0.0,0.0,0.0,0.0,0.0,0.0,3.0,12.666666666666666,0.0,0.0,0.0,0.3333333333333333,-0.2745670278867085,0.0,3.0,5.0,61.333333333333336,0.3333333333333333,0.0,0.0,34.0,33.666666666666664,2.0,6.892573118209839,0.0,1.7808035612106323,0.236470591276884,0.295955166220665,0.28616112,0.0,0.0,0.0,DAL,168.4,12.40000013510386,1.0,29.666666666666668,36.0,-470.0,SF,0.0,0.0,2.0,0.0,13.7,0,0,0,1,10.408599999999996,10.408599999999996,,WR,45
573,00-0034418,C.Wilson,Cedrick Wilson,WR,"https://static.www.nfl.com/image/private/f_auto,q_auto/league/zvirmx1m9vycmfpfbf1w",MIA,2023.0,6.0,REG,NYG,0.0,0.0,0.0,0.0,0.0,0.0,0.0,0.0,0.0,0.0,0.0,0.0,0.0,0.0,0.0,0.0,0.0,0.0,0.0,0.0,0.0,0.0,0.0,0.0,2.5,3.0,34.0,0.0,0.0,0.0,24.0,12.5,1.5,0.7418412566184998,0.0,1.3212121725082395,0.1008403394371271,0.174253299832344,0.40209058,0.0,0.0,0.0,NYG,26.4,5.8999998569488525,5.0,42.333333333333336,47.5,-1100.0,MIA,2.0,1.0,3.0,0.0,0.0,0,0,0,1,10.399999999999997,10.399999999999997,,WR,46
562,00-0034386,J.Watson,Justin Watson,WR,"https://static.www.nfl.com/image/private/f_auto,q_auto/league/vr9tayyujt23takv3hv3",KC,2023.0,6.0,REG,MIN,0.0,0.0,0.0,0.0,0.0,0.0,0.0,0.0,0.0,0.0,0.0,0.0,0.0,0.0,0.0,0.0,0.0,0.0,0.0,0.0,0.0,0.0,0.0,0.0,1.6666666666666667,2.333333333333333,37.333333333333336,0.0,0.0,0.0,46.333333333333336,2.333333333333333,1.0,2.4221156487862268,0.0,1.1084967255592346,0.0641623052457968,0.1923712193965912,0.3653846,0.0,0.0,0.0,MIN,58.5,5.399999936421712,3.0,55.22,47.5,-650.0,KC,0.0,0.0,3.0,0.0,4.9,0,0,0,1,9.394999999999998,9.394999999999998,,WR,47
331,00-0033282,C.Samuel,Curtis Samuel,WR,"https://static.www.nfl.com/image/private/f_auto,q_auto/league/r71vsqs2fg7bvbt1jvzd",WAS,2023.0,6.0,REG,CHI,0.0,0.0,0.0,0.0,0.0,0.0,0.0,0.0,0.0,0.0,0.0,0.0,0.0,0.0,0.0,0.0,0.3333333333333333,0.3333333333333333,0.3333333333333333,0.0,0.0,0.3333333333333333,0.8700253367424011,0.0,5.0,6.333333333333333,56.66666666666666,0.3333333333333333,0.0,0.0,51.0,18.0,2.6666666666666665,1.3795494834582012,0.0,1.3773603439331057,0.1629641900459925,0.1837671163181463,0.34381667,0.0,0.0,0.0,CHI,176.30000000000004,14.700000286102297,1.0,36.5,42.0,105.0,WAS,0.0,1.0,1.0,0.0,9.0,0,0,0,1,9.37,9.37,,WR,48
628,00-0034777,D.Chark,D.J. Chark,WR,"https://static.www.nfl.com/image/private/f_auto,q_auto/league/bn5lxiv1cyyidlhkth84",CAR,2023.0,6.0,REG,DET,0.0,0.0,0.0,0.0,0.0,0.0,0.0,0.0,0.0,0.0,0.0,0.0,0.0,0.0,0.0,0.0,0.0,0.0,0.0,0.0,0.0,0.0,0.0,0.0,3.0,6.666666666666667,52.0,0.6666666666666666,0.0,0.0,103.66666666666669,8.333333333333334,2.0,2.414028604825338,0.0,0.5335933764775594,0.1537284056345621,0.3974956472714742,0.474085,0.0,0.0,0.0,DET,98.2,12.200000127156576,2.0,36.1,47.5,700.0,CAR,0.0,6.0,4.0,0.0,0.0,0,0,0,1,9.3518,9.3518,,WR,49
536,00-0034348,C.Sutton,Courtland Sutton,WR,"https://static.www.nfl.com/image/private/f_auto,q_auto/league/uusaguvnkfv2gt7goale",DEN,2023.0,6.0,REG,NYJ,0.0,0.0,0.0,0.0,0.0,0.0,0.0,0.0,0.0,0.0,0.0,0.0,0.0,0.0,0.0,0.0,0.0,0.0,0.0,0.0,0.0,0.0,0.0,0.0,4.0,6.333333333333333,43.66666666666666,0.6666666666666666,0.6666666666666666,0.6666666666666666,64.66666666666667,12.333333333333334,2.0,-2.737361788749695,0.0,0.5886363585789999,0.2029914533098538,0.2831984062989552,0.37878788,0.0,0.0,0.0,NYJ,159.4,11.03333338101705,1.0,15.666666666666666,47.5,470.0,DEN,0.0,3.0,1.0,0.0,11.3,0,0,0,1,9.231999999999998,9.231999999999998,,WR,50
993,00-0036309,D.Mooney,Darnell Mooney,WR,"https://static.www.nfl.com/image/private/f_auto,q_auto/league/hjileqykzauyoeqovatm",CHI,2023.0,6.0,REG,WAS,0.0,0.0,0.0,0.0,0.0,0.0,0.0,0.0,0.0,0.0,0.0,0.0,0.0,0.0,0.0,0.0,0.0,0.0,0.0,0.0,0.0,0.0,0.0,0.0,1.3333333333333333,3.0,17.0,0.0,0.0,0.0,51.0,6.333333333333333,1.0,-0.4788094361623128,0.0,0.53125,0.1116666657229264,0.1967965140938758,0.501811,0.0,0.0,0.0,WAS,101.5,3.0333334604899087,2.0,47.46666666666667,44.5,140.0,CHI,0.0,5.0,2.0,0.0,8.1,0,0,0,1,8.937999999999999,8.937999999999999,,WR,51
169,00-0031549,N.Agholor,Nelson Agholor,WR,"https://static.www.nfl.com/image/private/f_auto,q_auto/league/lfc8g0z3wmxowwggvzqh",BAL,2023.0,6.0,REG,PIT,0.0,0.0,0.0,0.0,0.0,0.0,0.0,0.0,0.0,0.0,0.0,0.0,0.0,0.0,0.0,0.0,0.0,0.0,0.0,0.0,0.0,0.0,0.0,0.0,3.0,3.6666666666666665,35.666666666666664,0.0,0.3333333333333333,0.0,41.333333333333336,6.333333333333333,1.3333333333333333,1.21804145971934,0.0,0.8325895766417185,0.1253411347667376,0.1470490669210752,0.33836368,0.0,0.0,0.0,PIT,75.2,6.566666563351949,2.0,46.76666666666667,42.5,-250.0,BAL,0.0,1.0,1.0,0.0,6.0,0,0,0,1,8.874000000000002,8.874000000000002,,WR,52
833,00-0035659,T.McLaurin,Terry McLaurin,WR,"https://static.www.nfl.com/image/private/f_auto,q_auto/league/jpprw1itmmg5nhrdwony",WAS,2023.0,6.0,REG,CHI,0.0,0.0,0.0,0.0,0.0,0.0,0.0,0.0,0.0,0.0,0.0,0.0,0.0,0.0,0.0,0.0,0.0,0.0,0.0,0.0,0.0,0.0,0.0,0.0,6.0,7.0,58.66666666666666,0.0,0.0,0.0,79.66666666666667,15.666666666666666,3.0,2.410710573196411,0.0,0.7879829605420431,0.1891578311721483,0.2451798419157664,0.30185,0.0,0.0,0.0,CHI,229.0,11.866666793823242,2.0,36.5,42.0,105.0,WAS,0.0,1.0,1.0,0.0,12.8,0,0,0,1,8.8204,8.8204,,WR,53
1763,00-0039062,J.Mingo,Jonathan Mingo,WR,"https://static.www.nfl.com/image/private/f_auto,q_auto/league/ie1yo3orpq0mqemptnko",CAR,2023.0,6.0,REG,DET,0.0,0.0,0.0,0.0,0.0,0.0,0.0,0.0,0.0,0.0,0.0,0.0,0.0,0.0,0.0,0.0,0.0,0.0,0.0,0.0,0.0,0.0,0.0,0.0,3.6666666666666665,7.0,31.666666666666668,0.0,0.0,0.0,68.66666666666667,9.0,1.3333333333333333,-2.8095778624216714,0.0,0.5256226907173792,0.1877758900324503,0.2744680444399516,0.45909092,0.0,0.0,0.0,DET,0.0,6.833333333333333,3.0,36.1,47.5,700.0,CAR,0.0,6.0,4.0,0.0,9.2,0,0,0,1,8.746000000000002,8.746000000000002,,WR,54
1108,00-0036554,N.Collins,Nico Collins,WR,"https://static.www.nfl.com/image/private/f_auto,q_auto/league/iyfqbpftpdxtwst9wtda",HOU,2023.0,6.0,REG,ATL,0.0,0.0,0.0,0.0,0.0,0.0,0.0,0.0,0.0,0.0,0.0,0.0,0.0,0.0,0.0,0.0,0.0,0.0,0.0,0.0,0.0,0.0,0.0,0.0,4.0,5.333333333333333,80.33333333333333,0.6666666666666666,0.0,0.0,46.333333333333336,46.0,3.333333333333333,4.216841074327628,0.0,1.6824113527933755,0.1872605408231417,0.1965576832493146,0.25044963,0.0,0.0,0.0,ATL,97.1,16.03333314259847,2.0,27.8,42.5,110.0,HOU,0.0,0.0,3.0,0.0,13.3,0,0,0,1,8.585000000000003,8.585000000000003,,WR,55
1403,00-0037487,D.Thompkins,Deven Thompkins,WR,"https://static.www.nfl.com/image/private/f_auto,q_auto/league/gt0yeyl9y8s6onw8wcdr",TB,2023.0,6.0,REG,NO,0.0,0.0,0.0,0.0,0.0,0.0,0.0,0.0,0.0,0.0,0.0,0.0,0.0,0.0,0.0,0.0,0.6666666666666666,7.333333333333333,0.0,0.0,0.0,0.6666666666666666,0.6469821333885193,0.0,2.0,2.6666666666666665,17.0,0.3333333333333333,0.0,0.0,23.666666666666668,8.666666666666666,1.0,1.7839025259017944,0.0,1.0839517414569857,0.1466666683554649,0.1522624902427196,0.28324324,0.0,0.0,0.0,NO,10.8,6.433333436648051,3.0,35.766666666666666,43.5,136.0,TB,1.0,0.0,1.0,0.0,4.3,0,0,0,1,8.369399999999995,8.369399999999995,,WR,56
589,00-0034521,A.Lazard,Allen Lazard,WR,"https://static.www.nfl.com/image/private/f_auto,q_auto/league/blrzk3bfnpneuyhsqiqg",NYJ,2023.0,6.0,REG,DEN,0.0,0.0,0.0,0.0,0.0,0.0,0.0,0.0,0.0,0.0,0.0,0.0,0.0,0.0,0.0,0.0,0.0,0.0,0.0,0.0,0.0,0.0,0.0,0.0,3.0,4.0,44.333333333333336,0.3333333333333333,0.0,0.0,52.66666666666666,4.0,2.6666666666666665,3.21683935324351,0.0,0.8516075015068054,0.1364468907316526,0.2648896773656209,0.37386316,0.0,0.0,0.0,DEN,174.80000000000004,9.43333355585734,1.0,31.066666666666663,43.0,245.0,NYJ,0.0,3.0,4.0,0.0,8.8,0,0,0,1,8.366000000000003,8.366000000000003,,WR,57
601,00-0034646,B.Powell,Brandon Powell,WR,"https://static.www.nfl.com/image/private/f_auto,q_auto/league/cqtogvopabvi3gcuaosi",MIN,2023.0,6.0,REG,KC,0.0,0.0,0.0,0.0,0.0,0.0,0.0,0.0,0.0,0.0,0.0,0.0,0.0,0.0,0.0,0.0,0.5,4.5,0.0,0.0,0.0,0.0,0.5532121062278748,0.0,2.5,3.5,24.0,0.0,0.0,0.0,35.5,6.0,1.5,0.971761979162693,0.0,0.8257575631141663,0.0756340576335787,0.0994512564502656,0.32579303,0.0,0.0,0.0,KC,47.6,5.349999904632568,3.0,32.03333333333333,44.5,-166.0,MIN,0.0,0.0,1.0,0.0,7.0,0,0,0,1,8.238000000000001,8.238000000000001,,WR,58
242,00-0032398,C.Moore,Chris Moore,WR,"https://static.www.nfl.com/image/private/f_auto,q_auto/league/tov68mj1pddkbfsfuajn",TEN,2023.0,6.0,REG,CIN,0.0,0.0,0.0,0.0,0.0,0.0,0.0,0.0,0.0,0.0,0.0,0.0,0.0,0.0,0.0,0.0,0.0,0.0,0.0,0.0,0.0,0.0,0.0,0.0,1.3333333333333333,2.333333333333333,44.66666666666666,0.0,0.3333333333333333,0.0,53.0,4.333333333333333,1.3333333333333333,2.5739589730898538,0.0,0.9484508633613586,0.0940170946220557,0.2035463104645411,0.34977594,0.0,0.0,0.0,CIN,115.09999999999998,5.800000031789144,3.0,32.666666666666664,42.5,205.0,TEN,0.0,3.0,2.0,0.0,4.5,0,0,0,1,8.123999999999995,8.123999999999995,,WR,59
999,00-0036322,J.Jefferson,Justin Jefferson,WR,"https://static.www.nfl.com/image/private/f_auto,q_auto/league/zdstmm4sloqnichybgja",MIN,2023.0,6.0,REG,KC,0.0,0.0,0.0,0.0,0.0,0.0,0.0,0.0,0.0,0.0,0.0,0.0,0.0,0.0,0.0,0.0,0.0,0.0,0.0,0.0,0.0,0.0,0.0,0.0,5.333333333333333,9.333333333333334,87.33333333333333,1.0,0.0,0.0,105.33333333333331,26.33333333333333,4.666666666666667,3.1427422563234964,0.0,0.7739306092262268,0.3004227081934611,0.4296788026889165,0.28438458,0.0,0.0,0.0,KC,368.66,20.06666660308838,1.0,32.03333333333333,44.5,-166.0,MIN,0.0,0.0,1.0,0.0,0.0,0,0,0,1,7.986000000000001,7.986000000000001,,WR,60
147,00-0031408,M.Evans,Mike Evans,WR,"https://static.www.nfl.com/image/private/f_auto,q_auto/league/w6eq27k2xs8vawwgkzbl",TB,2023.0,6.0,REG,NO,0.0,0.0,0.0,0.0,0.0,0.0,0.0,0.0,0.0,0.0,0.0,0.0,0.0,0.0,0.0,0.0,0.0,0.0,0.0,0.0,0.0,0.0,0.0,0.0,4.666666666666667,7.0,90.33333333333331,0.6666666666666666,0.0,0.0,100.0,30.33333333333333,3.333333333333333,5.412234365940094,0.0,0.9810750484466552,0.2500000024835269,0.407028779387474,0.30135134,0.0,0.0,0.0,NO,225.4,17.700000127156574,1.0,35.766666666666666,43.5,136.0,TB,1.0,0.0,1.0,0.0,15.7,0,0,0,1,7.568999999999999,7.568999999999999,,WR,61
1587,00-0038544,Q.Johnston,Quentin Johnston,WR,"https://static.www.nfl.com/image/private/f_auto,q_auto/league/eamj83siagr6rba0epv0",LAC,2023.0,6.0,REG,LV,0.0,0.0,0.0,0.0,0.0,0.0,0.0,0.0,0.0,0.0,0.0,0.0,0.0,0.0,0.0,0.0,0.0,0.0,0.0,0.0,0.0,0.0,0.0,0.0,1.3333333333333333,2.6666666666666665,11.666666666666666,0.0,0.0,0.0,24.666666666666668,5.666666666666667,0.6666666666666666,-0.5159857707719008,0.0,1.9026812314987185,0.0795940173168977,0.0786847118288278,0.3158737,0.0,0.0,0.0,LV,0.0,2.5,4.0,28.066666666666663,51.0,105.0,LAC,2.0,0.0,3.0,0.0,7.9,0,0,0,1,7.476999999999999,7.476999999999999,,WR,62
1223,00-0036936,R.Moore,Rondale Moore,WR,"https://static.www.nfl.com/image/private/f_auto,q_auto/league/yuwcs40qiqunbfrp9nip",ARI,2023.0,6.0,REG,CIN,0.0,0.0,0.0,0.0,0.0,0.0,0.0,0.0,0.0,0.0,0.0,0.0,0.0,0.0,0.0,0.0,2.0,34.666666666666664,0.3333333333333333,0.0,0.0,0.6666666666666666,2.77032208442688,0.0,2.333333333333333,4.333333333333333,11.333333333333334,0.0,0.0,0.0,9.0,11.333333333333334,0.6666666666666666,-1.863168756167094,0.0,1.2362637221813202,0.1670538187026977,0.04900607218345,0.2834471,0.0,0.0,0.0,CIN,87.90000000000002,8.93333371480306,2.0,32.666666666666664,48.0,270.0,ARI,0.0,1.0,8.0,0.0,8.3,0,0,0,1,7.0470000000000015,7.0470000000000015,,WR,63
1313,00-0037216,J.Ross,Justyn Ross,WR,"https://static.www.nfl.com/image/private/f_auto,q_auto/league/sdhlpsccscg6u97qy3ef",KC,2023.0,6.0,REG,MIN,0.0,0.0,0.0,0.0,0.0,0.0,0.0,0.0,0.0,0.0,0.0,0.0,0.0,0.0,0.0,0.0,0.0,0.0,0.0,0.0,0.0,0.0,0.0,0.0,1.0,2.0,11.333333333333334,0.0,0.0,0.0,16.666666666666668,2.333333333333333,0.3333333333333333,0.3740064998467763,0.0,0.5789473652839661,0.0522060530881086,0.0670843223730723,0.26561087,0.0,0.0,0.0,MIN,0.0,2.133333404858907,5.0,55.22,47.5,-650.0,KC,0.0,0.0,3.0,0.0,2.0,0,0,0,1,6.996,6.996,,WR,64
1540,00-0038117,W.Robinson,Wan'Dale Robinson,WR,"https://static.www.nfl.com/image/private/f_auto,q_auto/league/wjr53ffhc3gunx0fs3kp",NYG,2023.0,6.0,REG,MIA,0.0,0.0,0.0,0.0,0.0,0.0,0.0,0.0,0.0,0.0,0.0,0.0,0.0,0.0,0.0,0.0,0.6666666666666666,2.6666666666666665,0.0,0.0,0.0,0.3333333333333333,0.1260097324848175,0.0,4.666666666666667,5.666666666666667,26.33333333333333,0.0,0.0,0.0,17.0,15.333333333333334,2.0,0.9400911033153534,0.0,1.5952380895614624,0.1812500009934107,0.1077857315540313,0.34827587,0.0,0.0,0.0,MIA,51.6,7.566666603088379,5.0,44.26666666666667,43.5,750.0,NYG,0.0,5.0,7.0,0.0,8.8,0,0,0,1,6.97,6.97,,WR,65
269,00-0033009,T.Boyd,Tyler Boyd,WR,"https://static.www.nfl.com/image/private/f_auto,q_auto/league/vconwllovf9jqxpu9mow",CIN,2023.0,6.0,REG,ARI,0.0,0.0,0.0,0.0,0.0,0.0,0.0,0.0,0.0,0.0,0.0,0.0,0.0,0.0,0.0,0.0,0.0,0.0,0.0,0.0,0.0,0.0,0.0,0.0,5.0,7.666666666666667,34.666666666666664,0.0,0.0,0.0,53.333333333333336,14.333333333333334,1.3333333333333333,-1.867302139600118,0.0,0.7757380207379659,0.2046674440304438,0.2828460683425267,0.30910617,0.0,0.0,0.0,ARI,167.12,8.466666380564371,1.0,45.833333333333336,45.5,-155.0,CIN,0.0,1.0,4.0,0.0,9.8,0,0,0,1,6.900399999999999,6.900399999999999,,WR,66
248,00-0032464,K.Raymond,Kalif Raymond,WR,"https://static.www.nfl.com/image/private/f_auto,q_auto/league/q2kahfn76dnnb1uxxorv",DET,2023.0,6.0,REG,CAR,0.0,0.0,0.0,0.0,0.0,0.0,0.0,0.0,0.0,0.0,0.0,0.0,0.0,0.0,0.0,0.0,0.3333333333333333,13.333333333333334,0.0,0.0,0.0,0.3333333333333333,2.5315370559692383,0.0,2.6666666666666665,3.333333333333333,32.666666666666664,0.0,0.0,0.0,40.333333333333336,8.333333333333334,1.6666666666666667,1.5456200043360393,0.0,0.7082136273384094,0.1138988435268402,0.1649856939911842,0.28895584,0.0,0.0,0.0,CAR,116.2,7.266666730244954,4.0,31.9,43.5,-162.0,DET,0.0,7.0,2.0,0.0,6.5,0,0,0,1,6.884999999999999,6.884999999999999,,WR,67
1785,00-0039067,R.Rice,Rashee Rice,WR,"https://static.www.nfl.com/image/private/f_auto,q_auto/league/zjgi60dvmj5ogvanp201",KC,2023.0,6.0,REG,MIN,0.0,0.0,0.0,0.0,0.0,0.0,0.0,0.0,0.0,0.0,0.0,0.0,0.0,0.0,0.0,0.0,0.0,0.0,0.0,0.0,0.0,0.0,0.0,0.0,4.0,5.666666666666667,41.333333333333336,0.3333333333333333,0.0,0.0,28.33333333333333,23.0,2.6666666666666665,1.5740666836500168,0.0,1.5427488883336384,0.16326937576135,0.1210733776291211,0.25995475,0.0,0.0,0.0,MIN,0.0,10.133333206176758,6.0,55.22,47.5,-650.0,KC,0.0,0.0,3.0,0.0,8.7,0,0,0,1,6.860000000000001,6.860000000000001,,WR,68
1267,00-0036980,E.Moore,Elijah Moore,WR,"https://static.www.nfl.com/image/private/f_auto,q_auto/league/bhwvzckfhhcqhb7zdqyj",CLE,2023.0,6.0,REG,BAL,0.0,0.0,0.0,0.0,0.0,0.0,0.0,0.0,0.0,0.0,0.0,0.0,0.0,0.0,0.0,0.0,1.6666666666666667,-5.333333333333333,0.0,0.0,0.0,0.0,-1.5053978810707729,0.0,4.666666666666667,7.333333333333333,35.0,0.0,0.3333333333333333,0.3333333333333333,53.0,14.0,1.6666666666666667,-1.4059393803278606,0.0,1.9632184306780496,0.2109898750980695,0.147733053813378,0.24413726,0.0,0.0,0.0,BAL,88.09999999999998,6.9666666984558105,4.0,26.76666666666667,36.0,360.0,CLE,0.0,3.0,2.0,0.0,8.9,0,0,0,1,6.687,6.687,,WR,69
164,00-0031547,D.Parker,DeVante Parker,WR,"https://static.www.nfl.com/image/private/f_auto,q_auto/league/beuyfjou6kckaoqqpa96",NE,2023.0,6.0,REG,NO,0.0,0.0,0.0,0.0,0.0,0.0,0.0,0.0,0.0,0.0,0.0,0.0,0.0,0.0,0.0,0.0,0.0,0.0,0.0,0.0,0.0,0.0,0.0,0.0,2.0,3.6666666666666665,24.0,0.0,0.0,0.0,52.0,0.6666666666666666,1.0,-0.2974775433540344,0.0,0.4948593080043793,0.1260248000423113,0.1847093651692072,0.32903227,0.0,0.0,0.0,NO,102.90000000000002,4.400000095367432,1.0,35.766666666666666,41.5,124.0,NE,0.0,7.0,10.0,0.0,9.0,0,0,0,1,6.5159999999999965,6.5159999999999965,,WR,70
220,00-0032200,T.Montgomery,Ty Montgomery,WR,"https://static.www.nfl.com/image/private/f_auto,q_auto/league/eagn4fvhnc9cp3wxeqoz",NE,2023.0,6.0,REG,NO,0.0,0.0,0.0,0.0,0.0,0.0,0.0,0.0,0.0,0.0,0.0,0.0,0.0,0.0,0.0,0.0,0.6666666666666666,2.333333333333333,0.0,0.0,0.0,0.0,-0.0039384067058563,0.0,1.0,2.6666666666666665,4.666666666666667,0.0,0.0,0.0,26.0,3.6666666666666665,0.3333333333333333,-3.191077828407288,0.0,0.1403508807222048,0.0694657781471808,0.0727599778523047,0.3105572,0.0,0.0,0.0,NO,10.3,1.6999999682108562,2.0,35.766666666666666,41.5,124.0,NE,0.0,7.0,10.0,0.0,0.0,0,0,0,1,6.509000000000001,6.509000000000001,,WR,71
794,00-0035535,D.Slayton,Darius Slayton,WR,"https://static.www.nfl.com/image/private/f_auto,q_auto/league/emmy86blz71njkcr496b",NYG,2023.0,6.0,REG,MIA,0.0,0.0,0.0,0.0,0.0,0.0,0.0,0.0,0.0,0.0,0.0,0.0,0.0,0.0,0.0,0.0,0.0,0.0,0.0,0.0,0.0,0.0,0.0,0.0,2.333333333333333,4.333333333333333,30.0,0.0,0.0,0.0,45.0,11.666666666666666,2.0,1.452332317829132,0.0,0.8333333432674408,0.1381944467624028,0.2487219969431559,0.35517243,0.0,0.0,0.0,MIA,128.4,5.333333333333333,1.0,44.26666666666667,43.5,750.0,NYG,0.0,5.0,7.0,0.0,6.9,0,0,0,1,6.499,6.499,,WR,72
142,00-0031381,D.Adams,Davante Adams,WR,"https://static.www.nfl.com/image/private/f_auto,q_auto/league/grvqvmdzu2lsbgvqoxku",LV,2023.0,6.0,REG,GB,0.0,0.0,0.0,0.0,0.0,0.0,0.0,0.0,0.0,0.0,0.0,0.0,0.0,0.0,0.0,0.0,0.0,0.0,0.0,0.0,0.0,0.0,0.0,0.0,8.333333333333334,12.333333333333334,97.33333333333331,0.6666666666666666,0.0,0.0,133.0,27.33333333333333,5.666666666666667,7.114852110544841,0.0,1.7714441418647766,0.3115272571643193,0.395488366484642,0.25788993,0.0,0.0,0.0,GB,335.5,22.066666920979817,1.0,33.1,41.5,-148.0,LV,0.0,2.0,1.0,0.0,18.4,0,0,0,1,6.184999999999997,6.184999999999997,,WR,73
1206,00-0036913,K.Toney,Kadarius Toney,WR,"https://static.www.nfl.com/image/private/f_auto,q_auto/league/sptr6q2brsttjjg4zkov",KC,2023.0,6.0,REG,MIN,0.0,0.0,0.0,0.0,0.0,0.0,0.0,0.0,0.0,0.0,0.0,0.0,0.0,0.0,0.0,0.0,0.3333333333333333,0.3333333333333333,0.0,0.0,0.0,0.0,-0.4982470571994781,0.0,2.6666666666666665,3.0,15.666666666666666,0.0,0.0,0.0,3.0,12.333333333333334,1.3333333333333333,0.9240680932998656,0.0,3.622222344080607,0.0832795680811007,0.0156819450979431,0.23959276,0.0,0.0,0.0,MIN,59.3,4.266666531562805,4.0,55.22,47.5,-650.0,KC,0.0,0.0,3.0,0.0,8.5,0,0,0,1,6.02,6.02,,WR,74
1436,00-0037666,J.Tolbert,Jalen Tolbert,WR,"https://static.www.nfl.com/image/private/f_auto,q_auto/league/idcuteeyaispnvvmzvjp",DAL,2023.0,6.0,REG,NE,0.0,0.0,0.0,0.0,0.0,0.0,0.0,0.0,0.0,0.0,0.0,0.0,0.0,0.0,0.0,0.0,0.0,0.0,0.0,0.0,0.0,0.0,0.0,0.0,2.333333333333333,3.0,23.666666666666668,0.0,0.0,0.0,37.66666666666666,7.0,1.3333333333333333,0.961393674214681,0.0,0.5462789138158163,0.0864064072569211,0.1984025140603383,0.2930984,0.0,0.0,0.0,NE,3.2000000000000006,4.700000127156575,4.0,30.8,51.0,-125.0,DAL,1.0,2.0,1.0,0.0,1.7,0,0,0,1,5.925999999999997,5.925999999999997,,WR,75
1631,00-0038608,K.Boutte,Kayshon Boutte,WR,"https://static.www.nfl.com/image/private/f_auto,q_auto/league/nz6t7jhx6erszovbv1bd",NE,2023.0,6.0,REG,PHI,0.0,0.0,0.0,0.0,0.0,0.0,0.0,0.0,0.0,0.0,0.0,0.0,0.0,0.0,0.0,0.0,0.0,0.0,0.0,0.0,0.0,0.0,0.0,0.0,0.0,4.0,0.0,0.0,0.0,0.0,84.0,0.0,0.0,-4.741236209869385,0.0,0.0,0.0740740746259689,0.2084367275238037,0.2570168,0.0,0.0,0.0,PHI,0.0,0.0,6.0,47.16666666666666,41.5,124.0,NE,0.0,7.0,10.0,0.0,3.9,0,0,0,1,5.798999999999999,5.798999999999999,,WR,76
1432,00-0037664,A.Pierce,Alec Pierce,WR,"https://static.www.nfl.com/image/private/f_auto,q_auto/league/ya4sqdf9lzrm4ql8eywi",IND,2023.0,6.0,REG,TEN,0.0,0.0,0.0,0.0,0.0,0.0,0.0,0.0,0.0,0.0,0.0,0.0,0.0,0.0,0.0,0.0,0.0,0.0,0.0,0.0,0.0,0.0,0.0,0.0,1.6666666666666667,3.6666666666666665,30.33333333333333,0.0,0.0,0.0,78.66666666666667,2.333333333333333,1.3333333333333333,0.9024906555811564,0.0,0.4916243255138397,0.1111111144224802,0.2666275004545848,0.2547753,0.0,0.0,0.0,TEN,112.3,4.700000127156575,2.0,33.4,44.0,170.0,IND,0.0,1.0,2.0,0.0,5.3,0,0,0,1,5.752999999999999,5.752999999999999,,WR,77
1069,00-0036415,V.Jefferson,Van Jefferson,WR,"https://static.www.nfl.com/image/private/f_auto,q_auto/league/q9uxev1vu6s10sj5ywaf",LA,2023.0,6.0,REG,IND,0.0,0.0,0.0,0.0,0.0,0.0,0.0,0.0,0.0,0.0,0.0,0.0,0.0,0.0,0.0,0.0,0.3333333333333333,1.3333333333333333,0.0,0.0,0.0,0.0,-0.1758918315172195,0.0,1.3333333333333333,3.333333333333333,28.0,0.0,0.0,0.0,69.0,1.3333333333333333,1.0,-0.8957911133766174,0.0,0.435415876408418,0.0825320531924565,0.2156223853429158,0.21571034,0.0,0.0,0.0,IND,78.9,4.266666690508525,1.0,30.0,48.0,-340.0,LA,0.0,0.0,3.0,0.0,1.4,0,0,0,1,5.722399999999999,5.722399999999999,,WR,78
1607,00-0038559,M.Wilson,Michael Wilson,WR,"https://static.www.nfl.com/image/private/f_auto,q_auto/league/o5sshsrygioektzjsahk",ARI,2023.0,6.0,REG,CIN,0.0,0.0,0.0,0.0,0.0,0.0,0.0,0.0,0.0,0.0,0.0,0.0,0.0,0.0,0.0,0.0,0.0,0.0,0.0,0.0,0.0,0.0,0.0,0.0,3.333333333333333,3.6666666666666665,60.0,0.6666666666666666,0.0,0.0,45.333333333333336,19.0,2.333333333333333,4.728098094463348,0.0,1.2603640755017598,0.1108788251876831,0.2072069694598516,0.17406143,0.0,0.0,0.0,CIN,0.0,13.333333571751911,3.0,32.666666666666664,48.0,270.0,ARI,0.0,1.0,8.0,0.0,7.8,0,0,0,1,5.659000000000001,5.659000000000001,,WR,79
1448,00-0037741,J.Dotson,Jahan Dotson,WR,"https://static.www.nfl.com/image/private/f_auto,q_auto/league/z768onjtm135fjjmeney",WAS,2023.0,6.0,REG,CHI,0.0,0.0,0.0,0.0,0.0,0.0,0.0,0.0,0.0,0.0,0.0,0.0,0.0,0.0,0.0,0.0,0.0,0.0,0.0,0.0,0.0,0.0,0.0,0.0,3.0,6.0,26.0,0.3333333333333333,0.0,0.0,45.333333333333336,7.666666666666667,1.0,-2.139191110928853,0.0,0.6491777300834656,0.157622310022513,0.1426985313495,0.22718333,0.0,0.0,0.0,CHI,130.6,7.599999904632568,3.0,36.5,42.0,105.0,WAS,0.0,1.0,1.0,0.0,9.2,0,0,0,1,5.451999999999999,5.451999999999999,,WR,80
917,00-0036182,N.Westbrook-Ikhine,Nick Westbrook-Ikhine,WR,"https://static.www.nfl.com/image/private/f_auto,q_auto/league/orgr5wnkiabp4s03aqj3",TEN,2023.0,6.0,REG,IND,0.0,0.0,0.0,0.0,0.0,0.0,0.0,0.0,0.0,0.0,0.0,0.0,0.0,0.0,0.0,0.0,0.0,0.0,0.0,0.0,0.0,0.0,0.0,0.0,3.0,4.0,28.33333333333333,0.6666666666666666,0.0,0.0,39.333333333333336,7.666666666666667,1.3333333333333333,1.6477293074131012,0.0,0.7292426625887553,0.148001509408156,0.1438052455584208,0.21985294,0.0,0.0,0.0,IND,82.7,9.833333452542623,4.0,30.0,42.5,205.0,TEN,0.0,3.0,2.0,0.0,6.5,0,0,0,1,5.422,5.422,,WR,81
107,00-0031235,O.Beckham,Odell Beckham,WR,"https://static.www.nfl.com/image/private/f_auto,q_auto/league/etl34lkiscs2lpc4to2f",BAL,2023.0,6.0,REG,PIT,0.0,0.0,0.0,0.0,0.0,0.0,0.0,0.0,0.0,0.0,0.0,0.0,0.0,0.0,0.0,0.0,0.0,0.0,0.0,0.0,0.0,0.0,0.0,0.0,2.333333333333333,3.6666666666666665,26.33333333333333,0.0,0.0,0.0,41.66666666666666,3.333333333333333,1.3333333333333333,0.7205446561177572,0.0,0.6563011507193247,0.123110810915629,0.2054581344127655,0.23585682,0.0,0.0,0.0,PIT,0.0,4.966666618982951,1.0,46.76666666666667,42.5,-250.0,BAL,0.0,1.0,1.0,0.0,0.0,0,0,0,1,5.159800000000001,5.159800000000001,,WR,82
